Name,% GC,% HQ,% LQ,% MQ,Ambiguities,At least Q20,At least Q30,At least Q40,Bin,Created Date,Description,Failed Binning Fields,Modified,Molecular Weight (kDa),Molecule Type,Post-Trim Length,Rough Temperature (Â°C),Sequence,Sequence Length,Sequence List Name,Size,Topology,URN
SOS-009-1-6-a_ITS1F_C02.ab1,49.4%,38.6%,6.7%,54.7%,0,93.31%,72.83%,38.58%,<1>Low,Wed May 25 20:12:48 PDT 2022,,% HQ,Wed Jun 01 09:27:01 PDT 2022,156.7194299999997,DNA,508,88.27834645669292,CATTACACAAGTATGCAAGCCCAGGACTACCGCCCTC-TC----A---G--CGGTAGCCGTTAGGATGGGGGTGGTGGCCTGGAATCCATCTTCACCCATGTCTTTTTGCGTACTACCTGTTTCCTTGGCGAGCGAGCTCGCCAATTGGACCACCAATTAAACCTTTTTGTAATTGCAATCAGCGTCAGATAACACAAATGTAATAAATTACAACTTTCAACAACGGATCTCTTGGTTCTGGCATCGATGAAGAACGCAGCGAAATGCGATAAGTAGTGTGAATTGCAGAATTCAGTGAATCATCGAATCTTTGAACGCACATTGCGCCCTTTGGTATTCCAAAGGGCATGCCTGTTCGAGCGTCATTTGTACCCTCAAGCTTTTGCTTGGTGTTGGGCGTTTTTGTCGTGGGTCTGCCCACGACTCGCCTTAAAATCATTGGCAGCCGGCCTACTGGTTTCGGAGCGCAGCACATTTTTGCGCTCAGTCCAGCAGCGGTCACGCGTCCACGAAGCGA-,508,SOS Assembly 1 Contig 1,121 KB,linear,
SOS-013-1-1-b_ITS1F_B01.ab1,47.6%,61.4%,8.0%,30.6%,0,91.95%,78.39%,61.38%,<1>Low,Wed May 25 20:12:48 PDT 2022,,% HQ,Wed Jun 01 09:29:14 PDT 2022,134.06882999999996,DNA,435,87.316091954023,CATTACACAAGTATGCAAGCCCAGGACTACCGCCCTC-TCCCCTACTTGAGCGGTAGCCGCTAGGATGGGGGTGGTGGCCTGGGATCCATCTTCACCCATGTCTTTTTGCGTACTACCTGTTTCCTTGGCGAGCTCGCTCGCCAATTGGACCACCAATTAAACCTTTTTGTAATTGCAATCAGCGTCAGATAACACAAATGTAATAAATTACAACTTTCAACAACGGATCTCTTGGTTCTGGCATCGATGAAGAACGCAGCGAAATGCGATAAGTAGTGTGAATTGCAGAATTCAGTGAATCATCGAATCTTTGAACGCACATTGCGCCCTTTGGTATTCCAAAGGGCATGCCTGTTCGAGCGTCATTTGTACCCTCAAGCTTTTGCTTGGTGTTGGGCGTTTTTGTCGTGG-TCTGCCCACGACTCGCCTTAAAAT----------------------------------------------------------------------------------,435,SOS Assembly 1 Contig 1,93 KB,linear,
SOS-014-3-10-d_ITS1F_G12.ab1,61.0%,25.6%,24.4%,50.0%,0,75.61%,53.66%,25.61%,<1>Low,Wed May 25 20:14:08 PDT 2022,,"% HQ, % LQ, Post-Trim Length",Wed Jun 01 09:30:02 PDT 2022,25.29827999999999,DNA,82,86.37317073170732,CATTACACAAGTATGCAAGCCCAGGACTACCGCCCTC-TCCCCTACTTGAGCGGTAGCCGCTAGGATGGCGGTGGTGGCCTGG----------------------------------------------------------------------------------------------------------------------------------------------------------------------------------------------------------------------------------------------------------------------------------------------------------------------------------------------------------------------------------------------------------------------------------------------------,82,SOS Assembly 1 Contig 1,125 KB,linear,
SOS-006-3-12-b_ITS1F_D02.ab1,49.4%,36.0%,9.1%,54.9%,0,90.91%,72.33%,35.97%,<1>Low,Thu May 26 07:03:42 PDT 2022,,% HQ,Wed Jun 01 09:25:53 PDT 2022,156.11703999999972,DNA,506,88.27233201581026,-ATTACACAAGTATGCAAGCCCAGGACTACCGCCCTC-TC----A---G--CGGTAGCCGTTAGGATGGGGGTGGTGGCCTGGGATCCATCTTCACCCATGTCTTTTTGCGTACTACCTGTTTCCTTGGCGAGCGAGCTCGCCAATTGGACCACCAATTAAACCTTTTTGTAATTGCAATCAGCGTCAGATAACACAAATGTAATAAATTACAACTTTCAACAACGGATCTCTTGGTTCTGGCATCGATGAAGAACGCAGCGAAATGCGATAAGTAGTGTGAATTGCAGAATTCAGTGAATCATCGAATCTTTGAACGCACATTGCGCCCTTTGGTATTCCAAAGGGCATGCCTGTTCGAGCGTCATTTGTACCCTCAAGCTTTTGCTTGGTGTTGGGCGTTTTTGTCGTGGGTCTGCCCACGACTCGCCTTAAAATCATTGGCAGCCGGCCTACTGGTTTCGGAGCGCAGCACATTTTTGCGCTCAGTCCAGCAGCGGTCACGCGTCCACGAAAGC--,506,SOS Assembly 1 Contig 1,119 KB,linear,
SOS-022-1-4-a_ITS1F_E01.ab1,46.8%,73.9%,2.4%,23.7%,0,97.63%,89.74%,73.95%,<1>Low,Wed May 25 20:12:42 PDT 2022,,% HQ,Wed Jun 01 09:34:43 PDT 2022,117.27001000000001,DNA,380,86.79473684210525,---TACACAAGTATGCAAGCCCAGGACTACCGCCCTC-TC----A---G--CGGTAGCCGTTAGGATGGGGGTGGTGGCCTGGGATCCATCTTCACCCATGTCTTTTTGCGTACTACCTGTTTCCTTGGCGAGCGAGCTCGCCAATTGGACCACCAATTAAACCTTTTTGTAATTGCAATCAGCGTCAGATAACACAAATGTAATAAATTACAACTTTCAACAACGGATCTCTTGGTTCTGGCATCGATGAAGAACGCAGCGAAATGCGATAAGTAGTGTGAATTGCAGAATTCAGTGAATCATCGAATCTTTGAACGCACATTGCGCCCTTTGGTATTCCAAAGGGCATGCCTGTTCGAGCGTCATTTGTACCCTCAAGCTTTTGCTTGGTG------------------------------------------------------------------------------------------------------------------------------,380,SOS Assembly 1 Contig 1,113 KB,linear,
SOS-011-1-7-c_ITS1F_G02.ab1,49.8%,69.6%,2.8%,27.6%,0,97.22%,89.68%,69.64%,<1>Low,Wed May 25 20:12:40 PDT 2022,,% HQ,Wed Jun 01 09:28:33 PDT 2022,155.5156299999997,DNA,504,88.42896825396825,---TACACAAGTATGCAAGCCCAGGACTACCGCCCTC-TC----A---G--CGGTAGCCGTTAGGATGGGGGTGGTGGCCTGGGATCCATCTTCACCCATGTCTTTTTGCGTACTACCTGTTTCCTTGGCGAGCGAGCTCGCCAATTGGACCACCAATTAAACCTTTTTGTAATTGCAATCAGCGTCAGATAACACAAATGTAATAAATTACAACTTTCAACAACGGATCTCTTGGTTCTGGCATCGATGAAGAACGCAGCGAAATGCGATAAGTAGTGTGAATTGCAGAATTCAGTGAATCATCGAATCTTTGAACGCACATTGCGCCCTTTGGTATTCCAAAGGGCATGCCTGTTCGAGCGTCATTTGTACCCTCAAGCTTTTGCTTGGTGTTGGGCGTTTTTGTCGTGGGTCTGCCCACGACTCGCCTTAAAATCATTGGCAGCCGGCCTACTGGTTTCGGAGCGCAGCACATTTTTGCGCTCAGTCCAGCAGCGGTCACGCGTCCACGAAGCG--,504,SOS Assembly 1 Contig 1,114 KB,linear,
SOS-014-3-10-c_ITS1F_F12.ab1,63.1%,12.3%,43.1%,44.6%,0,56.92%,36.92%,12.31%,<1>Low,Wed May 25 20:14:10 PDT 2022,,"% HQ, % LQ, Post-Trim Length",Wed Jun 01 09:29:51 PDT 2022,20.194999999999993,DNA,65,85.16153846153846,---TACACAAGTATGCAAGCCCAGGACTACCGCCCTC-TC----A---G--CG-TAGC-GTTAGG-TGGGGG-GG-GGCCTGG----------------------------------------------------------------------------------------------------------------------------------------------------------------------------------------------------------------------------------------------------------------------------------------------------------------------------------------------------------------------------------------------------------------------------------------------------,65,SOS Assembly 1 Contig 1,123 KB,linear,
SOS-054-3-10-a_ITS1F_D12.ab1,46.8%,59.1%,4.8%,36.0%,0,95.16%,87.63%,59.14%,<1>Low,Wed May 25 20:14:14 PDT 2022,,% HQ,Wed Jun 01 09:51:43 PDT 2022,114.77640000000001,DNA,372,86.73010752688171,----ACACAAGTATGCAAGCCCAGGACTACCGCCCTC-TC----A---G--CGGTAGCCGTTAGGATGGGGGTGGTGGCCTGGGATCCATCTTCACCCATGTCTTTTTGCGTACTACCTGTTTCCTTGGCGAGCGAGCTCGCCAATTGGACCACCAATTAAACCTTTTTGTAATTGCAATCAGCGTCAGATAACACAAATGTAATAAATTACAACTTTCAACAACGGATCTCTTGGTTCTGGCATCGATGAAGAACGCAGCGAAATGCGATAAGTAGTGTGAATTGCAGAATTCAGTGAATCATCGAATCTTTGAACGCACATTGCGCCCTTTGGTATTCCAAAGGGCATGCCTGTTCGAGCGTCATTTGTACCCTCAAGCTTTTG-------------------------------------------------------------------------------------------------------------------------------------,372,SOS Assembly 1 Contig 1,114 KB,linear,
SOS-006-3-12-a_ITS1F_C02.ab1,46.5%,61.3%,5.0%,33.6%,0,94.97%,83.96%,61.32%,<1>Low,Thu May 26 07:03:46 PDT 2022,,% HQ,Wed Jun 01 09:25:40 PDT 2022,98.12963,DNA,318,86.3377358490566,----ACACAAGTATGCAAGCCCAGGACTACCGCCCTC-TC----A---G--CGGTAGCCGTTAGGATGGGGGTGGTGGCCTGGGATCCATCTTCACCCATGTCTTTTTGCGTACTACCTGTTTCCTTGGCGAGCGAGCTCGCCAATTGGACCACCAATTAAACCTTTTTGTAATTGCAATCAGCGTCAGATAACACAAATGTAATAAATTACAACTTTCAACAACGGATCTCTTGGTTCTGGCATCGATGAAGAACGCAGCGAAATGCGATAAGTAGTGTGAATTGCAGAATTCAGTGAATCATCGAATCTTTGAACGCACATTGCGCCCTT-------------------------------------------------------------------------------------------------------------------------------------------------------------------------------------------,318,SOS Assembly 1 Contig 1,113 KB,linear,
SOS-043-4-8-g_ITS1F_F08.ab1,49.8%,72.0%,2.0%,26.0%,0,98.02%,92.46%,72.02%,<1>Low,Thu May 26 07:05:06 PDT 2022,,% HQ,Wed Jun 01 09:45:51 PDT 2022,155.5246399999997,DNA,504,88.42896825396825,-----CACAAGTATGCAAGCCCAGGACTACCGCCCTC-TC----A---G--CGGTAGCCGTTAGGATGGGGGTGGTGGCCTGGGATCCATCTTCACCCATGTCTTTTTGCGTACTACCTGTTTCCTTGGCGAGCGAGCTCGCCAATTGGACCACCAATTAAACCTTTTTGTAATTGCAATCAGCGTCAGATAACACAAATGTAATAAATTACAACTTTCAACAACGGATCTCTTGGTTCTGGCATCGATGAAGAACGCAGCGAAATGCGATAAGTAGTGTGAATTGCAGAATTCAGTGAATCATCGAATCTTTGAACGCACATTGCGCCCTTTGGTATTCCAAAGGGCATGCCTGTTCGAGCGTCATTTGTACCCTCAAGCTTTTGCTTGGTGTTGGGCGTTTTTGTCGTGGGTCTGCCCACGACTCGCCTTAAAATCATTGGCAGCCGGCCTACTGGTTTCGGAGCGCAGCACATTTTTGCGCTCAGTCCAGCAGCGGTCACGCGTCCACGAAGCGAA,504,SOS Assembly 1 Contig 1,112 KB,linear,
SOS-008-1-9-a_ITS1F_A03.ab1,50.2%,75.3%,2.6%,22.1%,0,97.43%,91.70%,75.30%,<1>Low,Wed May 25 20:13:06 PDT 2022,,% HQ,Wed Jun 01 09:26:38 PDT 2022,156.01190999999972,DNA,506,88.59644268774703,-----CACAAGTATGCAAGCCCAGGACTACCGCCCTC-TCCCCTACTTGAGCGGTAGCCGCTAGGTTGGGGGTGGTGGCCTGGGATCCATCTTCACCCATGTCTTTTTGCGTACTACCTGTTTCCTTGGCGAGCGAGCTCGCCAATTGGACCACCAATTAAACCTTTTTGTAATTGCAATCAGCGTCAGATAACACAAATGTAATAAATTACAACTTTCAACAACGGATCTCTTGGTTCTGGCATCGATGAAGAACGCAGCGAAATGCGATAAGTAGTGTGAATTGCAGAATTCAGTGAATCATCGAATCTTTGAACGCACATTGCGCCCTTTGGTATTCCAAAGGGCATGCCTGTTCGAGCGTCATTTGTACCCTCAAGCTTTTGCTTGGTGTTGGGCGTTTTTGTCGTGGGTCTGCCCACGACTCGCCTTAAAATCATTGGCAGCCGGCCTACTGGTTTCGGAGCGCAGCACATTTTTGCGCTCAGTCCAGCAGCGGTCACGCGTCCACG-------,506,SOS Assembly 1 Contig 1,113 KB,linear,
SOS-011-1-7-d_ITS1F_H02.ab1,47.9%,39.4%,6.7%,53.9%,0,93.35%,76.15%,39.45%,<1>Low,Wed May 25 20:12:38 PDT 2022,,% HQ,Wed Jun 01 09:28:42 PDT 2022,134.41403999999997,DNA,436,87.46284403669723,-----CACAAGTATGCAAGCCCAGGACTACCGCCCTC-TCCCCTACTTGAGCGGTAGCCGCTAGGATGGGGGTGGTGGCCTGGGATCCATCTTCACCCATGTCTTTTTGCGTACTACCTGTTTCCTTGGCGAGCTCGCTCGCCAATTGGACCACCAATTAAACCTTTTTGTAATTGCAATCAGCGTCAGATAACACAAATGTAATAAATTACAACTTTCAACAACGGATCTCTTGGTTCTGGCATCGATGAAGAACGCAGCGAAATGCGATAAGTAGTGTGAATTGCAGAATTCAGTGAATCATCGAATCTTTGAACGCACATTGCGCCCTTTGGTATTCCAAAGGGCATGCCTGTTCGAGCGTCATTTGTACCCTCAAGCTTTTGCTTGGTGTTGGGCGTTTTTGTCGTGGGTCTGCCCACGACTCGCCTTAAAATCATTG-----------------------------------------------------------------------------,436,SOS Assembly 1 Contig 1,121 KB,linear,
SOS-044-3-5-c_ITS1F_B10.ab1,47.7%,40.7%,8.0%,51.4%,0,92.05%,71.87%,40.67%,<1>Low,Wed May 25 20:14:02 PDT 2022,,% HQ,Wed Jun 01 09:46:14 PDT 2022,100.76027,DNA,327,86.87186544342508,-------CAAGTATGCAAGCCCAGGACTACCGCCCTCCTCCCCTACTTGAGCGGTAGCCGCTAGGTTGGGGGTGGTGGCCTGGGATCCATCTTCACCCATGTCTTTTTGCGTACTACCTGTTTCCTTGGCGAGCTCGCTCGCCAATTGGACCACCAACTAAACCTTTTTGTAATTGCAATCAGCGTCAGATAACACAAATGTAATAAATTACAACTTTCAACAACGGATCTCTTGGTTCTGGCATCGATGAAGAACGCAGCGAAATGCGATAAGTAGTGTGAATTGCAGAATTCAGTGAATCATCGAATCTTTGAACGCACATTGCGCCCTTTG-----------------------------------------------------------------------------------------------------------------------------------------------------------------------------------------,327,SOS Assembly 1 Contig 1,115 KB,linear,
SOS-050-4-3-b_ITS1F_H04.ab1,49.2%,71.6%,2.6%,25.8%,0,97.42%,90.97%,71.61%,<1>Low,Thu May 26 07:03:58 PDT 2022,,% HQ,Wed Jun 01 09:49:17 PDT 2022,143.45183999999986,DNA,465,88.09354838709677,--------AAGTATGCAAGCCCAGGACTACCGCCCTC-TCCCCTACTTGAGCGGTAGCCGCTAGGTTGGGGGTGGTGGCCTGGGATCCATCTTCACCCATGTCTTTTTGCGTACTACCTGTTTCCTTGGCGAGCGAGCTCGCCAATTGGACCACCAATTAAACCTTTTTGTAATTGCAATCAGCGTCAGATAACACAAATGTAATAAATTACAACTTTCAACAACGGATCTCTTGGTTCTGGCATCGATGAAGAACGCAGCGAAATGCGATAAGTAGTGTGAATTGCAGAATTCAGTGAATCATCGAATCTTTGAACGCACATTGCGCCCTTTGGTATTCCAAAGGGCATGCCTGTTCGAGCGTCATTTGTACCCTCAAGCTTTTGCTTGGTGTTGGGCGTTTTTGTCGTGGGTCTGCCCACGACTCGCCTTAAAATCATTGGCAGCCGGCCTACTGGTTTCGGAGCGCAGCAC---------------------------------------------,465,SOS Assembly 1 Contig 1,112 KB,linear,
SOS-050-4-3-a_ITS1F_G04.ab1,42.8%,0.0%,76.3%,23.7%,0,23.68%,4.61%,0.00%,<1>Low,Thu May 26 07:04:02 PDT 2022,,"% HQ, % LQ, Post-Trim Length",Wed Jun 01 09:49:06 PDT 2022,46.67228999999993,DNA,152,82.55657894736841,----------------------------------------------------------------------------------GGCTCCATCTTCACCCATGTCTGTTTGCGTACTACCTGGT-CCTTGGAGAGCGAACTCGCCAATTGTCACAAAAATTAAACTTTTTTCTG-TTGCAATCAGCGGCAC-TAACACAAATGTA-TAA-TTACAACTTTCAACAACGGATCTCTTGGG-CT---------------------------------------------------------------------------------------------------------------------------------------------------------------------------------------------------------------------------------------------------------------------------------------,152,SOS Assembly 1 Contig 1,123 KB,linear,
SOS-001-3-7-b_ITS1F_H10.ab1,41.8%,23.5%,13.1%,63.4%,0,86.93%,60.78%,23.53%,<1>Low,Wed May 25 20:13:48 PDT 2022,,"% HQ, Post-Trim Length",Wed Jun 01 09:20:22 PDT 2022,46.79135999999993,DNA,153,82.20196078431371,--------------------------------------------------------------------------------------CCATCTTCACCCATGTCTTTTTGCGTACTACCTGTTTCCTTGGCGAGCTCGCTCGCCAATTGCACCACCAACTAAACCTTTTTGTAATTGCAATCAGCGTCAGATAACACAAATGTAATAAATTACAACTTTCAACAACGGATCTCTTGGTTC----------------------------------------------------------------------------------------------------------------------------------------------------------------------------------------------------------------------------------------------------------------------------------------,153,SOS Assembly 1 Contig 1,127 KB,linear,
SOS-044-3-5-d_ITS1F_C10.ab1,41.9%,5.2%,23.9%,71.0%,0,76.13%,32.26%,5.16%,<1>Low,Wed May 25 20:14:00 PDT 2022,,"% HQ, % LQ, Post-Trim Length",Wed Jun 01 09:46:24 PDT 2022,47.42476999999993,DNA,155,82.3,--------------------------------------------------------------------------------------CCATCTTCACCCATGTCTTTTTGCGTACTACCTGTTTCCTTGGCGAGCTCGCTCGCCAATTGCACCACCAACTAAACCTTTTTGTAATTGCAATCAGCGTCAGATAACACAAATGTAATAAATTACAACTTTCAACAACGGATCTCTTGGTTCTG--------------------------------------------------------------------------------------------------------------------------------------------------------------------------------------------------------------------------------------------------------------------------------------,155,SOS Assembly 1 Contig 1,131 KB,linear,
SOS-031-4-7-a_ITS1F_F07.ab1,40.9%,29.9%,6.5%,63.6%,0,93.51%,61.04%,29.87%,<1>Low,Thu May 26 07:05:06 PDT 2022,,"% HQ, Post-Trim Length",Wed Jun 01 09:38:21 PDT 2022,47.15060999999993,DNA,154,81.85194805194804,--------------------------------------------------------------------------------------CCATCTTCACCCATGTCTTTTTGCGTACTACCTGTTTCCTTGGCGAGCGAGCTCGCCAATTGTCCCACCAATTAAACCTTTTTGTAATTGCAATCAGCGTCAGATAACACAAATGTAATAAATTACAACTTTCAACAACGGATCTCTTGGTTCT---------------------------------------------------------------------------------------------------------------------------------------------------------------------------------------------------------------------------------------------------------------------------------------,154,SOS Assembly 1 Contig 1,124 KB,linear,
SOS-013-1-1-c_ITS1F_C01.ab1,36.2%,2.9%,32.4%,64.8%,0,67.62%,12.38%,2.86%,<1>Low,Wed May 25 20:12:46 PDT 2022,,"% HQ, % LQ, Post-Trim Length",Wed Jun 01 09:29:27 PDT 2022,32.233009999999986,DNA,105,77.94761904761904,----------------------------------------------------------------------------------------------------------------------------------GAGCTCGCTCGCCAATTGAACCACCAATTAAACCTTTTTGTAATTGCAATCAGCGTCAGATAACACAAATGTAATAAATTACAACTTTCAACAACGAATCTCTTG--------------------------------------------------------------------------------------------------------------------------------------------------------------------------------------------------------------------------------------------------------------------------------------------,105,SOS Assembly 1 Contig 1,127 KB,linear,
SOS-048-4-6-a_ITS1F_H06.ab1,38.6%,1.3%,41.2%,57.5%,0,58.82%,29.41%,1.31%,<1>Low,Thu May 26 07:04:30 PDT 2022,,"% HQ, % LQ, Post-Trim Length",Wed Jun 01 09:48:15 PDT 2022,47.361879999999935,DNA,153,80.86209150326796,------------------------------------------------------------------------------------------------------------------------------------------------------CCACCAATTAAACCTTTTTGTAATTGCAATCAGCG-CAGA-AACACAAATGTAATAAATTACAACTTTCAACAACGGATCTCTTGGTTCTGT-ATCGATGAAGAACGCAGCGAAATGCGAAAAGTAGGGTGAATTGCAGAATTCAGGGAATCATCG---------------------------------------------------------------------------------------------------------------------------------------------------------------------------------------------------------------------,153,SOS Assembly 1 Contig 1,121 KB,linear,
SOS-050-4-3-c_ITS1F_A05.ab1,40.0%,36.4%,11.8%,51.8%,0,88.18%,69.55%,36.36%,<1>Low,Thu May 26 07:04:54 PDT 2022,,"% HQ, Post-Trim Length",Wed Jun 01 09:49:47 PDT 2022,67.94521999999985,DNA,220,82.74545454545454,-------------------------------------------------------------------------------------------------------------------------------------------------------CACCAATTAAACCTTTTTGTAATTGCAATCAGCGTCAGATAACACAAATGTAATAAATTACAACTTTCAACAACGGATCTCTTGGTTCTGGCATCGATGAAGAACGCAGCGAAATGCGATAAGTAGTGTGAATTGCAGAATTCAGTGAATCATCGAATCTTTGAACGCACATTGCGCCCTTTG-TATTCCAAAGGGCATGCCTGTTCGAGCGTCATTTGTA---------------------------------------------------------------------------------------------------------------------------------------------------,220,SOS Assembly 1 Contig 1,110 KB,linear,
SOS-014_ITS1F_H12.ab1,32.6%,3.4%,38.2%,58.4%,0,61.80%,31.46%,3.37%,<1>Low,Wed May 25 20:14:06 PDT 2022,,"% HQ, % LQ, Post-Trim Length",Wed Jun 01 09:30:51 PDT 2022,27.366869999999988,DNA,89,75.35617977528089,--------------------------------------------------------------------------------------------------------------------------------------------------------ACCAATTAAACCTTTTTGTAATTGCAATCAGCGTCAGATAACACAAATGTAATAAATTACAACTTTCAACAACGGATCTCTTGGTTCTG--------------------------------------------------------------------------------------------------------------------------------------------------------------------------------------------------------------------------------------------------------------------------------------,89,SOS Assembly 1 Contig 1,121 KB,linear,
SOS-020-3-11-d_ITS1F_F01.ab1,45.4%,0.7%,63.1%,36.2%,0,36.88%,8.51%,0.71%,<1>Low,Thu May 26 07:03:32 PDT 2022,,"% HQ, % LQ, Post-Trim Length",Wed Jun 01 09:33:52 PDT 2022,43.60329999999994,DNA,141,83.3,---------------------------------------------------------------------------------------------------------------------------------------------------------------------------------------------------------------------ACTTTAATTAACGAATCTCTTG-TTCTGACATCGATGAAGAGCGCAGCGAT-TGCGA-AA-TAGTGTGAATTGCAGAAATCAGTGAATCATCGAATCTTTGAACGCACATTGCGCCCGTAGTAGTCAGTGGGCCCC--CCTGTTCGA---------------------------------------------------------------------------------------------------------------------------------------------------------------,141,SOS Assembly 1 Contig 1,174 KB,linear,
